title,url
小哥哥读了小姐姐扛不,http://mpic.spriteapp.cn/x/640x400/ugc/2018/05/05/5aed89a842874_1.jpg
title,url
我们这里叫菠萝，你们,http://mpic.spriteapp.cn/ugc/2018/05/07/5aef2a770d7b5_1.jpg
title,url
经常坐滴滴的你属于哪,http://mpic.spriteapp.cn/ugc/2018/05/05/5aec929c4b9d4_1.jpg
title,url
小熊，你难过的时候抱,http://mpic.spriteapp.cn/ugc/2018/05/06/5aee6af9749ea_1.jpg
title,url
昨天应邀参加一个大型,http://mpic.spriteapp.cn/x/640x400/ugc/2018/05/01/5ae7e011e68bc_1.jpg
title,url
一只老鼠被车窗夹住了,http://mpic.spriteapp.cn/ugc/2018/05/06/5aee080dc5c22.gif
title,url
这些车给你们开真是屈,http://mpic.spriteapp.cn/x/640x400/ugc/2018/05/05/5aece31c861c2_1.jpg
title,url
愿你历经红尘万里，仍,http://mpic.spriteapp.cn/ugc/2018/05/05/5aed7377e0ccb_1.jpg
title,url
来嘛，能语音的都来试,http://mpic.spriteapp.cn/ugc/2018/05/03/5aea584847f82_1.jpg
title,url
今天拜访一位3D立体,http://mpic.spriteapp.cn/ugc/2018/04/27/5ae2c9979ab7d.gif
title,url
玩个小游戏：在评论里,http://mpic.spriteapp.cn/ugc/2018/05/03/5aea6de18e638_1.jpg
title,url
当你喜欢的人给你发语,http://mpic.spriteapp.cn/ugc/2018/05/06/5aee5ba1c3e08.gif
title,url
如果有可能，你会在吃,http://mpic.spriteapp.cn/x/640x400/ugc/2018/05/03/5aeb1942c7513_1.jpg
title,url
原来那火爆全网的梨子,http://mpic.spriteapp.cn/ugc/2018/05/02/5ae9bbc8900fd_1.jpg
title,url
二汪太沮丧了…这次又,http://mpic.spriteapp.cn/ugc/2018/05/06/5aef19209ad3f.gif
title,url
小心点，我有你洗澡的,http://mpic.spriteapp.cn/ugc/2018/05/03/5aeb2f3a618f1.gif
title,url
一个屁的推力有多大？,http://mpic.spriteapp.cn/x/640x400/ugc/2018/05/03/5aea3fabd9af9_1.jpg
title,url
我不管，都给我笑！！,http://mpic.spriteapp.cn/x/640x400/ugc/2018/05/01/5ae810c60482b_1.jpg
title,url
刀枪剑戟十八般武器，,http://mpic.spriteapp.cn/ugc/2018/05/03/5aea558f841b7.gif
title,url
90后离婚的100个,http://mpic.spriteapp.cn/ugc/2018/04/28/5ae3d2080d212_1.jpg
title,url
真是个好孙子，奶奶一,http://mpic.spriteapp.cn/ugc/2018/04/10/5accda45cc88b.gif
title,url
我只是，不想后悔,http://mpic.spriteapp.cn/x/640x400/ugc/2018/05/01/5ae85ddf90d3d_1.jpg
title,url
30款适合日常的美甲,http://mpic.spriteapp.cn/ugc/2018/04/25/5ae01e11888b2_1.jpg
title,url
有没有哪一刻，你怀疑,http://mpic.spriteapp.cn/x/640x400/ugc/2018/04/25/5ae020c50eceb_1.jpg
title,url
49句土味情话，撩不,http://mpic.spriteapp.cn/ugc/2018/04/26/5ae151b5412d1_1.jpg
title,url
截图唱歌，截到谁就唱,http://mpic.spriteapp.cn/x/640x400/ugc/2018/04/26/b1c0ce3e493411e8ae22842b2b4c75ab.gif
title,url
让青春不留遗憾,http://mpic.spriteapp.cn/x/640x400/ugc/2018/04/26/5ae1587911c19_1.jpg
title,url
百年前世界各地妹子照,http://mpic.spriteapp.cn/x/640x400/ugc/2018/04/26/5ae17a7e61a41_1.jpg
title,url
同样是第一批90后，,http://mpic.spriteapp.cn/x/640x400/ugc/2018/04/26/5ae1cfb6bd2b0_1.jpg
title,url
小猪佩奇凭什么这么火,http://mpic.spriteapp.cn/x/640x400/ugc/2018/04/27/5ae2b583cc6c2_1.jpg
title,url
实力碾压，稳坐泰山…,http://mpic.spriteapp.cn/ugc/2018/04/25/5ae08d6cd5afe.gif
title,url
团队瞬间团灭，中间的,http://mpic.spriteapp.cn/ugc/2018/04/26/5ae1c4dcda1dc.gif
title,url
又萌又帅又能干！还可,http://mpic.spriteapp.cn/x/640x400/ugc/2018/04/23/5adde053e03b1_1.jpg
title,url
美貌无国界！迪丽热巴,http://mpic.spriteapp.cn/x/640x400/ugc/2018/04/23/5adddefc9033b_1.jpg
title,url
这位兄dei可能是误,http://mpic.spriteapp.cn/x/640x400/ugc/2018/04/23/5addb32b3a1f6_1.jpg
title,url
从考场出来，看到成绩,http://mpic.spriteapp.cn/x/640x400/ugc/2018/05/10/5af3a90d5c8fa_1.jpg
title,url
这是什么东东，加上宝,http://mpic.spriteapp.cn/ugc/2018/04/22/5adc929f4482e.gif
title,url
家里的喵，老是喜欢摆,http://mpic.spriteapp.cn/ugc/2018/04/23/5addf22b990f7.gif
title,url
中二一把！把你最喜欢,http://mpic.spriteapp.cn/x/640x400/ugc/2018/05/11/1365167854e711e88472842b2b4c75ab_1.jpg
title,url
姐夫们看看我的天子驾,http://mpic.spriteapp.cn/ugc/2018/05/09/5af30efcf0d5f.gif
title,url
这在我家算硬菜了！来,http://mpic.spriteapp.cn/ugc/2018/05/11/5af4772a6fe3f.gif
title,url
这伞降水平，能吃到鸡,http://mpic.spriteapp.cn/ugc/2018/05/09/5af29a82b4d5d.gif
title,url
网络小说原来都是这些,http://mpic.spriteapp.cn/x/640x400/ugc/2018/05/08/5af16e900cdc3_1.jpg
title,url
《纽约时报》补发林徽,http://mpic.spriteapp.cn/x/640x400/ugc/2018/04/24/5ade83dfc9e95_1.jpg
title,url
分享一种很好的解压方,http://mpic.spriteapp.cn/ugc/2018/05/09/5af26ba2531f2.gif
title,url
招聘信息解读，你知道,http://mpic.spriteapp.cn/ugc/2018/05/07/5af062451a7ab_1.jpg
title,url
中国语言有多博大精深,http://mpic.spriteapp.cn/x/640x400/ugc/2018/05/08/5af0f3d6c1472_1.jpg
title,url
各位声优大咖，来挑战,http://mpic.spriteapp.cn/x/640x400/ugc/2018/05/07/5af073a81337c_1.jpg
title,url
妻子在ICU生命垂危,http://mpic.spriteapp.cn/x/640x400/ugc/2018/05/09/5af2747e9453c_1.jpg
title,url
火影忍者：最装逼的五,http://mpic.spriteapp.cn/x/640x400/ugc/2018/05/08/5af0eb7bef584_1.jpg
title,url
还能好好绑好车花么，,http://mpic.spriteapp.cn/ugc/2018/05/07/5aefe1f7641f7.gif
title,url
早起对人的改变有多大,http://mpic.spriteapp.cn/x/640x400/ugc/2018/05/07/5af0200cacbcb_1.jpg
title,url
有没有那么一刻，你发,http://mpic.spriteapp.cn/x/640x400/ugc/2018/05/06/5aeeef1d788ce_1.jpg
title,url
那个不要房不要车的姑,http://mpic.spriteapp.cn/x/640x400/ugc/2018/05/06/5aeefab45e6f6_1.jpg
title,url
还敢吐槽00后？报告,http://mpic.spriteapp.cn/x/640x400/ugc/2018/05/07/5aef85e97f96d_1.jpg
title,url
我说这是科目二，侧方,http://mpic.spriteapp.cn/ugc/2018/05/07/5aefc5733aa3d.gif
title,url
当年玩游戏，你充了多,http://mpic.spriteapp.cn/x/640x400/ugc/2018/05/07/5aef310a22c8c_1.jpg
